,point,imagePoint ,distance
0,"[1312.0, 704.0]","[1310, 760]",56
1,"[1344.0, 704.0]","[1345, 760]",56
2,"[1344.0, 3264.0]","[1345, 3200]",64
3,"[1312.0, 3264.0]","[1310, 3200]",64
4,"[1344.0, 1984.0]","[1345, 1985]",1
5,"[1344.0, 2496.0]","[1345, 2495]",1
6,"[1344.0, 1472.0]","[1345, 1470]",2
7,"[1312.0, 1984.0]","[1310, 1985]",2
8,"[1312.0, 1472.0]","[1310, 1470]",3
9,"[1312.0, 2496.0]","[1310, 2495]",2
10,"[1312.0, 1216.0]","[1310, 1215]",2
11,"[1312.0, 1728.0]","[1310, 1730]",3
12,"[1312.0, 2240.0]","[1310, 2240]",2
13,"[1312.0, 2752.0]","[1310, 2750]",3
14,"[1344.0, 2752.0]","[1345, 2750]",2
15,"[1344.0, 2240.0]","[1345, 2240]",1
16,"[1344.0, 1728.0]","[1345, 1730]",2
17,"[1344.0, 1216.0]","[1345, 1215]",1
18,"[1856.0, 1984.0]","[1845, 1985]",11
19,"[1856.0, 3008.0]","[1850, 3010]",6
20,"[800.0, 1984.0]","[810, 1985]",10
21,"[800.0, 3008.0]","[800, 3010]",2
22,"[1056.0, 704.0]","[1065, 760]",57
23,"[1600.0, 704.0]","[1580, 760]",59
24,"[1056.0, 3264.0]","[1065, 3200]",65
25,"[1600.0, 3264.0]","[1585, 3200]",66
26,"[1856.0, 2496.0]","[1845, 2495]",11
27,"[800.0, 2496.0]","[810, 2495]",10
28,"[800.0, 1472.0]","[810, 1470]",10
29,"[1856.0, 1472.0]","[1855, 1470]",2
30,"[1312.0, 960.0]","[1310, 960]",2
31,"[1344.0, 960.0]","[1345, 960]",1
32,"[1344.0, 3008.0]","[1345, 3010]",2
33,"[1312.0, 3008.0]","[1310, 3010]",3
34,"[1856.0, 960.0]","[1855, 960]",1
35,"[1856.0, 448.0]","[1855, 450]",2
36,"[1600.0, 192.0]","[1610, 190]",10
37,"[1392.0, 192.0]","[1360, 220]",43
38,"[1264.0, 192.0]","[1290, 215]",35
39,"[1056.0, 192.0]","[1065, 190]",9
40,"[800.0, 960.0]","[795, 960]",5
41,"[800.0, 448.0]","[795, 460]",13
42,"[800.0, 3520.0]","[820, 3495]",32
43,"[1056.0, 3776.0]","[1045, 3775]",11
44,"[1264.0, 3776.0]","[1290, 3745]",40
45,"[1856.0, 3520.0]","[1830, 3495]",36
46,"[1856.0, 2880.0]","[1865, 2890]",13
47,"[1856.0, 2624.0]","[1830, 2625]",26
48,"[1984.0, 2624.0]","[1975, 2625]",9
49,"[1984.0, 2880.0]","[1985, 2850]",30
50,"[1856.0, 2368.0]","[1855, 2365]",3
51,"[1984.0, 2368.0]","[1975, 2370]",9
52,"[1856.0, 2112.0]","[1855, 2105]",7
53,"[1984.0, 2112.0]","[1975, 2110]",9
54,"[1984.0, 1600.0]","[1965, 1600]",19
55,"[1984.0, 1856.0]","[1985, 1855]",1
56,"[1856.0, 1600.0]","[1855, 1600]",1
57,"[1856.0, 1856.0]","[1855, 1855]",1
58,"[1856.0, 1344.0]","[1830, 1345]",26
59,"[1984.0, 1344.0]","[1965, 1345]",19
60,"[1856.0, 1088.0]","[1855, 1090]",2
61,"[1984.0, 1088.0]","[1985, 1095]",7
62,"[672.0, 1344.0]","[685, 1345]",13
63,"[672.0, 1088.0]","[670, 1095]",7
64,"[800.0, 1344.0]","[820, 1345]",20
65,"[800.0, 1088.0]","[795, 1090]",5
66,"[800.0, 1600.0]","[800, 1600]",0
67,"[672.0, 1600.0]","[685, 1600]",13
68,"[800.0, 1856.0]","[800, 1855]",1
69,"[672.0, 1856.0]","[670, 1855]",2
70,"[672.0, 2368.0]","[685, 2365]",13
71,"[672.0, 2112.0]","[685, 2110]",13
72,"[800.0, 2368.0]","[800, 2365]",3
73,"[800.0, 2112.0]","[800, 2105]",7
74,"[800.0, 2624.0]","[820, 2625]",20
75,"[672.0, 2624.0]","[685, 2625]",13
76,"[800.0, 2880.0]","[800, 2880]",0
77,"[672.0, 2880.0]","[670, 2850]",30
78,"[1360.0, 3744.0]","[1360, 3745]",1
79,"[1296.0, 3744.0]","[1295, 3745]",1
80,"[1264.0, 184.0]","[1290, 215]",40
81,"[1392.0, 184.0]","[1360, 220]",48
82,"[1360.0, 224.0]","[1360, 225]",1
83,"[1296.0, 224.0]","[1295, 225]",1
84,"[1056.0, 32.0]","[1065, 125]",93
85,"[1600.0, 32.0]","[1610, 125]",94
86,"[1392.0, 160.0]","[1390, 130]",30
87,"[1264.0, 160.0]","[1265, 130]",30
88,"[1264.0, 168.0]","[1265, 130]",38
89,"[1392.0, 168.0]","[1390, 130]",38
90,"[1600.0, 160.0]","[1600, 160]",0
91,"[1056.0, 160.0]","[1055, 160]",1
92,"[1296.0, 128.0]","[1295, 130]",2
93,"[1360.0, 128.0]","[1360, 130]",2
94,"[1200.0, 0.0]","[1200, 95]",95
95,"[1456.0, 0.0]","[1450, 95]",95
96,"[1456.0, 32.0]","[1450, 95]",63
97,"[1200.0, 32.0]","[1200, 95]",63
98,"[1328.0, 0.0]","[1330, 95]",95
99,"[1408.0, 160.0]","[1410, 130]",30
100,"[1408.0, 192.0]","[1410, 245]",53
101,"[1584.0, 192.0]","[1585, 190]",2
102,"[1584.0, 160.0]","[1585, 160]",1
103,"[1072.0, 192.0]","[1070, 190]",3
104,"[1248.0, 192.0]","[1280, 225]",46
105,"[1072.0, 160.0]","[1070, 160]",2
106,"[1248.0, 160.0]","[1250, 130]",30
107,"[1624.0, 32.0]","[1625, 125]",93
108,"[2008.0, 32.0]","[2010, 95]",63
109,"[2008.0, 416.0]","[2035, 430]",30
110,"[1880.0, 416.0]","[1860, 430]",24
111,"[1624.0, 160.0]","[1615, 160]",9
112,"[1752.0, 288.0]","[1705, 335]",66
113,"[1816.0, 352.0]","[1820, 350]",4
114,"[1688.0, 224.0]","[1645, 275]",67
115,"[1816.0, 32.0]","[1815, 125]",93
116,"[1688.0, 32.0]","[1690, 125]",93
117,"[1944.0, 32.0]","[1945, 95]",63
118,"[2008.0, 224.0]","[2010, 130]",94
119,"[2008.0, 96.0]","[2010, 95]",2
120,"[2008.0, 352.0]","[2010, 345]",7
121,"[2024.0, 96.0]","[2025, 95]",1
122,"[2024.0, 352.0]","[2025, 345]",7
123,"[1944.0, 16.0]","[1945, 95]",79
124,"[1688.0, 16.0]","[0, 0]",100
125,"[2408.0, 512.0]","[2410, 465]",47
126,"[2408.0, 1000.0]","[2405, 1000]",3
127,"[1880.0, 1000.0]","[1860, 1000]",20
128,"[2208.0, 440.0]","[2210, 435]",5
129,"[2080.0, 440.0]","[2080, 435]",5
130,"[2408.0, 820.0]","[2410, 770]",50
131,"[2408.0, 692.0]","[2410, 730]",38
132,"[2208.0, 1072.0]","[2210, 1095]",23
133,"[2080.0, 1072.0]","[2080, 1095]",23
134,"[1880.0, 440.0]","[1860, 440]",20
135,"[2008.0, 440.0]","[2035, 440]",27
136,"[2336.0, 1072.0]","[2335, 1095]",23
137,"[2336.0, 440.0]","[2340, 440]",4
138,"[1952.0, 1072.0]","[1950, 1095]",23
139,"[2112.0, 736.0]","[2130, 760]",30
140,"[2176.0, 736.0]","[2175, 710]",26
141,"[2176.0, 800.0]","[2165, 800]",11
142,"[2112.0, 800.0]","[2125, 800]",13
143,"[2128.0, 808.0]","[2130, 810]",3
144,"[2160.0, 808.0]","[2160, 810]",2
145,"[2184.0, 784.0]","[2165, 785]",19
146,"[2184.0, 752.0]","[2165, 765]",23
147,"[2160.0, 728.0]","[2160, 710]",18
148,"[2128.0, 728.0]","[2130, 710]",18
149,"[2104.0, 784.0]","[2125, 785]",21
150,"[2112.0, 800.0]","[2125, 800]",13
151,"[1880.0, 464.0]","[1860, 465]",20
152,"[1880.0, 976.0]","[1880, 975]",1
153,"[1952.0, 440.0]","[1950, 435]",5
154,"[2104.0, 752.0]","[2125, 765]",25
155,"[1936.0, 440.0]","[1935, 435]",5
156,"[2032.0, 544.0]","[2035, 545]",3
157,"[2054.0, 645.0]","[2065, 645]",11
158,"[2034.0, 653.0]","[2035, 655]",2
159,"[2003.0, 537.0]","[1980, 535]",23
160,"[1864.0, 464.0]","[1860, 465]",4
161,"[1864.0, 976.0]","[1865, 975]",1
162,"[2136.0, 1072.0]","[2135, 1070]",2
163,"[2152.0, 1072.0]","[2155, 1070]",4
164,"[2120.0, 440.0]","[2100, 440]",20
165,"[2144.0, 440.0]","[2155, 440]",11
166,"[2408.0, 800.0]","[2410, 770]",30
167,"[2408.0, 784.0]","[2410, 770]",14
168,"[2144.0, 808.0]","[2135, 810]",9
169,"[2064.0, 972.0]","[2065, 975]",3
170,"[2085.0, 891.0]","[2125, 890]",40
171,"[2039.0, 977.0]","[2040, 975]",2
172,"[2052.0, 888.0]","[2125, 890]",73
173,"[1888.0, 768.0]","[1915, 770]",27
174,"[1952.0, 768.0]","[1950, 770]",3
175,"[1952.0, 832.0]","[1950, 770]",62
176,"[1888.0, 832.0]","[1860, 830]",28
177,"[2272.0, 896.0]","[2270, 890]",6
178,"[2272.0, 960.0]","[2270, 950]",10
179,"[2208.0, 896.0]","[2215, 895]",7
180,"[2208.0, 960.0]","[2215, 960]",7
181,"[2272.0, 576.0]","[2310, 575]",38
182,"[2336.0, 576.0]","[2315, 575]",21
183,"[2336.0, 512.0]","[2315, 510]",21
184,"[2272.0, 512.0]","[2270, 520]",8
185,"[2159.0, 522.0]","[2160, 520]",2
186,"[2184.0, 670.0]","[2185, 670]",1
187,"[2161.0, 595.0]","[2160, 595]",1
188,"[2128.0, 526.0]","[2130, 525]",2
189,"[2162.0, 670.0]","[2160, 670]",2
190,"[2032.0, 592.0]","[2035, 590]",4
191,"[2063.0, 930.0]","[2065, 975]",45
192,"[2260.0, 725.0]","[2255, 725]",5
193,"[2353.0, 753.0]","[2355, 760]",7
194,"[2327.0, 761.0]","[2325, 760]",2
195,"[2335.0, 780.0]","[2335, 770]",10
196,"[2260.0, 743.0]","[2260, 740]",3
197,"[2208.0, 376.0]","[2210, 375]",2
198,"[2080.0, 376.0]","[2080, 375]",1
199,"[2208.0, 416.0]","[2210, 430]",14
200,"[2080.0, 416.0]","[2080, 430]",14
201,"[2112.0, 344.0]","[2110, 345]",2
202,"[2176.0, 344.0]","[2175, 345]",1
203,"[2208.0, 1136.0]","[2210, 1135]",2
204,"[2080.0, 1136.0]","[2080, 1135]",1
205,"[2112.0, 1168.0]","[2110, 1135]",33
206,"[2176.0, 1168.0]","[2175, 1135]",33
207,"[2080.0, 1096.0]","[2080, 1095]",1
208,"[2208.0, 1096.0]","[2210, 1095]",2
209,"[2472.0, 692.0]","[2465, 690]",7
210,"[2472.0, 820.0]","[2470, 770]",50
211,"[2504.0, 788.0]","[2495, 770]",20
212,"[2504.0, 724.0]","[2495, 725]",9
213,"[2432.0, 820.0]","[2430, 770]",50
214,"[2432.0, 692.0]","[2460, 690]",28
215,"[2512.0, 724.0]","[2495, 725]",17
216,"[2576.0, 724.0]","[2580, 725]",4
217,"[2576.0, 788.0]","[2580, 790]",4
218,"[2512.0, 788.0]","[2495, 770]",25
219,"[2112.0, 272.0]","[2110, 335]",63
220,"[2176.0, 272.0]","[2175, 335]",63
221,"[2176.0, 336.0]","[2175, 335]",1
222,"[2112.0, 336.0]","[2110, 335]",2
223,"[2112.0, 1176.0]","[2110, 1135]",41
224,"[2176.0, 1176.0]","[2175, 1135]",41
225,"[2176.0, 1240.0]","[0, 0]",100
226,"[2112.0, 1240.0]","[0, 0]",100
227,"[2040.0, 96.0]","[2040, 95]",1
228,"[2656.0, 32.0]","[0, 0]",100
229,"[2192.0, 256.0]","[2190, 335]",79
230,"[2096.0, 256.0]","[2095, 335]",79
231,"[2040.0, 352.0]","[2040, 345]",7
232,"[2096.0, 328.0]","[2095, 335]",7
233,"[2072.0, 352.0]","[2070, 345]",7
234,"[2192.0, 328.0]","[2190, 335]",7
235,"[2224.0, 360.0]","[2225, 365]",5
236,"[2352.0, 424.0]","[2350, 430]",6
237,"[2056.0, 352.0]","[2055, 345]",7
238,"[2056.0, 96.0]","[2055, 95]",1
239,"[2056.0, 32.0]","[2055, 95]",63
240,"[2656.0, 800.0]","[2590, 800]",66
241,"[2424.0, 496.0]","[2425, 465]",31
242,"[2424.0, 680.0]","[2460, 680]",36
243,"[2488.0, 680.0]","[2490, 680]",2
244,"[2512.0, 704.0]","[2495, 705]",17
245,"[2592.0, 704.0]","[2590, 705]",2
246,"[2592.0, 800.0]","[2590, 800]",2
247,"[2352.0, 32.0]","[2350, 95]",63
248,"[2656.0, 496.0]","[2590, 495]",66
249,"[2112.0, 256.0]","[2110, 335]",79
250,"[2176.0, 256.0]","[2175, 335]",79
251,"[2592.0, 724.0]","[2590, 725]",2
252,"[2592.0, 788.0]","[2590, 790]",3
253,"[2624.0, 464.0]","[2590, 465]",34
254,"[2648.0, 464.0]","[2590, 465]",58
255,"[2648.0, 488.0]","[2590, 490]",58
256,"[2624.0, 488.0]","[2590, 490]",34
257,"[2320.0, 40.0]","[2320, 95]",55
258,"[2344.0, 40.0]","[2345, 95]",55
259,"[2344.0, 64.0]","[2345, 95]",31
260,"[2320.0, 64.0]","[2320, 95]",31
261,"[2320.0, 392.0]","[2320, 375]",17
262,"[2344.0, 392.0]","[2345, 375]",17
263,"[2344.0, 416.0]","[2345, 430]",14
264,"[2320.0, 416.0]","[2320, 430]",14
265,"[2216.0, 360.0]","[2215, 365]",5
266,"[2224.0, 424.0]","[2225, 430]",6
267,"[2216.0, 424.0]","[2215, 430]",6
268,"[2560.0, 64.0]","[2560, 125]",61
269,"[2624.0, 64.0]","[2590, 125]",70
270,"[2624.0, 128.0]","[2590, 130]",34
271,"[2560.0, 128.0]","[2560, 130]",2
272,"[2112.0, 1248.0]","[0, 0]",100
273,"[2240.0, 1248.0]","[2240, 1340]",92
274,"[2240.0, 1376.0]","[2240, 1375]",1
275,"[2112.0, 1376.0]","[2145, 1390]",36
276,"[2400.0, 1376.0]","[2400, 1375]",1
277,"[2400.0, 1248.0]","[0, 0]",100
278,"[2272.0, 1376.0]","[2270, 1375]",2
279,"[2272.0, 1248.0]","[2270, 1340]",92
280,"[2272.0, 1088.0]","[2270, 1095]",7
281,"[2400.0, 1088.0]","[2400, 1095]",7
282,"[2400.0, 1216.0]","[2400, 1135]",81
283,"[2272.0, 1216.0]","[2270, 1135]",81
284,"[2432.0, 1216.0]","[2430, 1135]",81
285,"[2432.0, 1088.0]","[2430, 1095]",7
286,"[2432.0, 1248.0]","[0, 0]",100
287,"[2560.0, 1248.0]","[2580, 1250]",20
288,"[2560.0, 1376.0]","[2580, 1375]",20
289,"[2432.0, 1376.0]","[2415, 1385]",19
290,"[2560.0, 1536.0]","[2580, 1535]",20
291,"[2560.0, 1408.0]","[2580, 1410]",20
292,"[2432.0, 1408.0]","[2425, 1410]",7
293,"[2272.0, 1408.0]","[2270, 1405]",4
294,"[2400.0, 1408.0]","[2400, 1400]",8
295,"[2400.0, 1536.0]","[2400, 1535]",1
296,"[2272.0, 1536.0]","[2270, 1530]",6
297,"[2240.0, 1536.0]","[2250, 1530]",12
298,"[2240.0, 1408.0]","[2240, 1405]",3
299,"[2112.0, 1536.0]","[2125, 1535]",13
300,"[2112.0, 1408.0]","[2130, 1420]",22
301,"[2592.0, 1408.0]","[2590, 1410]",3
302,"[2656.0, 1536.0]","[2590, 1535]",66
303,"[2656.0, 1376.0]","[2590, 1375]",66
304,"[2656.0, 1248.0]","[2590, 1250]",66
305,"[2592.0, 1376.0]","[2590, 1375]",2
306,"[2656.0, 1216.0]","[2590, 1215]",66
307,"[2592.0, 1216.0]","[2590, 1215]",2
308,"[2656.0, 832.0]","[2590, 830]",66
309,"[2592.0, 1056.0]","[2590, 1055]",2
310,"[2560.0, 928.0]","[2560, 920]",8
311,"[2560.0, 1056.0]","[2580, 1055]",20
312,"[2432.0, 1056.0]","[2430, 1040]",16
313,"[2176.0, 1248.0]","[2215, 1340]",100
314,"[2592.0, 896.0]","[2590, 895]",2
315,"[2432.0, 832.0]","[2430, 885]",53
316,"[2432.0, 896.0]","[2430, 890]",6
317,"[2560.0, 896.0]","[2560, 890]",6
318,"[2592.0, 928.0]","[2590, 930]",3
319,"[2608.0, 1064.0]","[2590, 1065]",18
320,"[2640.0, 1064.0]","[2590, 1065]",50
321,"[2640.0, 1072.0]","[2590, 1070]",50
322,"[2608.0, 1072.0]","[2590, 1070]",18
323,"[2008.0, 1080.0]","[2010, 1095]",15
324,"[2096.0, 1176.0]","[2095, 1135]",41
325,"[2248.0, 1896.0]","[2250, 1880]",16
326,"[2072.0, 1152.0]","[2070, 1135]",17
327,"[2072.0, 1080.0]","[2070, 1095]",15
328,"[2096.0, 1552.0]","[2125, 1550]",29
329,"[2240.0, 1552.0]","[2240, 1550]",2
330,"[2400.0, 1552.0]","[2400, 1550]",2
331,"[2096.0, 1408.0]","[2130, 1420]",36
332,"[2368.0, 1776.0]","[2370, 1855]",79
333,"[2144.0, 1920.0]","[2145, 1880]",40
334,"[1872.0, 1360.0]","[1870, 1370]",10
335,"[2008.0, 1360.0]","[1965, 1360]",43
336,"[2008.0, 1584.0]","[1965, 1585]",43
337,"[1872.0, 1584.0]","[1870, 1595]",11
338,"[1984.0, 1584.0]","[1965, 1585]",19
339,"[2008.0, 1608.0]","[1965, 1610]",43
340,"[2008.0, 1336.0]","[1965, 1335]",43
341,"[1984.0, 1360.0]","[1965, 1360]",19
342,"[2416.0, 1552.0]","[2415, 1550]",2
343,"[2656.0, 1552.0]","[2590, 1550]",66
344,"[2656.0, 2096.0]","[2590, 2095]",66
345,"[2384.0, 1784.0]","[2385, 1855]",71
346,"[2256.0, 1912.0]","[2255, 1880]",32
347,"[2144.0, 1936.0]","[2145, 1880]",56
348,"[2128.0, 1920.0]","[2130, 1880]",40
349,"[2128.0, 2096.0]","[2135, 2055]",42
350,"[2128.0, 1936.0]","[2085, 1935]",43
351,"[2008.0, 2096.0]","[1975, 2095]",33
352,"[1984.0, 2096.0]","[1975, 2095]",9
353,"[1872.0, 2096.0]","[1870, 2100]",4
354,"[1872.0, 1872.0]","[1870, 1870]",3
355,"[1984.0, 1872.0]","[1985, 1870]",2
356,"[2008.0, 1872.0]","[2010, 1870]",3
357,"[2400.0, 1680.0]","[2375, 1635]",51
358,"[2416.0, 1680.0]","[2385, 1630]",59
359,"[2008.0, 1936.0]","[2010, 1945]",9
360,"[2008.0, 2016.0]","[2010, 2025]",9
361,"[2008.0, 1976.0]","[2010, 1985]",9
362,"[2008.0, 2056.0]","[2010, 2030]",26
363,"[2128.0, 2016.0]","[2120, 2025]",12
364,"[2128.0, 2056.0]","[2130, 2050]",6
365,"[2128.0, 1976.0]","[2085, 1975]",43
366,"[2008.0, 1848.0]","[2010, 1855]",7
367,"[2400.0, 1656.0]","[2385, 1630]",30
368,"[2416.0, 1656.0]","[2395, 1625]",37
369,"[2592.0, 1552.0]","[2590, 1550]",3
370,"[2464.0, 1552.0]","[2435, 1550]",29
371,"[2464.0, 1600.0]","[2425, 1580]",44
372,"[2592.0, 1600.0]","[2590, 1600]",2
373,"[2072.0, 1144.0]","[2070, 1135]",9
374,"[2072.0, 1112.0]","[2070, 1105]",7
375,"[2008.0, 1144.0]","[2010, 1135]",9
376,"[2008.0, 1112.0]","[2010, 1105]",7
377,"[2656.0, 1600.0]","[2590, 1600]",66
378,"[2656.0, 2048.0]","[2590, 2050]",66
379,"[2592.0, 2048.0]","[2590, 2050]",3
380,"[2656.0, 1984.0]","[2590, 1985]",66
381,"[2656.0, 1920.0]","[2590, 1920]",66
382,"[2656.0, 1856.0]","[2590, 1855]",66
383,"[2656.0, 1792.0]","[2590, 1790]",66
384,"[2656.0, 1728.0]","[2590, 1730]",66
385,"[2656.0, 1664.0]","[2590, 1665]",66
386,"[2592.0, 1984.0]","[2590, 1985]",2
387,"[2592.0, 1920.0]","[2590, 1920]",2
388,"[2592.0, 1856.0]","[2590, 1855]",2
389,"[2592.0, 1792.0]","[2590, 1790]",3
390,"[2592.0, 1728.0]","[2590, 1730]",3
391,"[2592.0, 1664.0]","[2590, 1665]",2
392,"[2008.0, 1176.0]","[2010, 1135]",41
393,"[2072.0, 1176.0]","[2070, 1135]",41
394,"[2000.0, 2112.0]","[1975, 2110]",25
395,"[2656.0, 2880.0]","[2590, 2880]",66
396,"[2000.0, 2880.0]","[2000, 2850]",30
397,"[1864.0, 2608.0]","[1865, 2590]",18
398,"[1864.0, 2384.0]","[1845, 2385]",19
399,"[1976.0, 2384.0]","[1975, 2385]",1
400,"[2000.0, 2384.0]","[1975, 2385]",25
401,"[2000.0, 2608.0]","[1975, 2610]",25
402,"[1976.0, 2608.0]","[1975, 2610]",2
403,"[2000.0, 2360.0]","[1975, 2360]",25
404,"[2000.0, 2632.0]","[1975, 2630]",25
405,"[1888.0, 2432.0]","[1845, 2430]",43
406,"[1952.0, 2432.0]","[1965, 2430]",13
407,"[1952.0, 2560.0]","[1950, 2570]",10
408,"[1888.0, 2560.0]","[1890, 2570]",10
409,"[2208.0, 2368.0]","[2210, 2385]",17
410,"[2464.0, 2368.0]","[2465, 2385]",17
411,"[2464.0, 2624.0]","[2490, 2625]",26
412,"[2208.0, 2624.0]","[2195, 2625]",13
413,"[2176.0, 2560.0]","[2175, 2560]",1
414,"[2176.0, 2432.0]","[2175, 2410]",22
415,"[2272.0, 2336.0]","[2270, 2385]",49
416,"[2400.0, 2336.0]","[2405, 2340]",6
417,"[2496.0, 2432.0]","[2495, 2430]",2
418,"[2496.0, 2560.0]","[2495, 2560]",1
419,"[2400.0, 2656.0]","[2400, 2675]",19
420,"[2272.0, 2656.0]","[2270, 2705]",49
421,"[2208.0, 2560.0]","[2210, 2560]",2
422,"[2240.0, 2560.0]","[2225, 2560]",15
423,"[2240.0, 2432.0]","[2225, 2430]",15
424,"[2208.0, 2432.0]","[2215, 2430]",7
425,"[2272.0, 2368.0]","[2270, 2385]",17
426,"[2400.0, 2368.0]","[2400, 2370]",2
427,"[2464.0, 2560.0]","[2465, 2560]",1
428,"[2464.0, 2432.0]","[2465, 2410]",22
429,"[2272.0, 2624.0]","[2220, 2675]",73
430,"[2400.0, 2624.0]","[2375, 2625]",25
431,"[2272.0, 2560.0]","[2270, 2530]",30
432,"[2272.0, 2592.0]","[2225, 2560]",57
433,"[2400.0, 2592.0]","[2375, 2590]",25
434,"[2272.0, 2400.0]","[2270, 2400]",2
435,"[2272.0, 2432.0]","[2270, 2410]",22
436,"[2400.0, 2400.0]","[2400, 2400]",0
437,"[2400.0, 2560.0]","[2400, 2560]",0
438,"[2400.0, 2432.0]","[2400, 2410]",22
439,"[2432.0, 2560.0]","[2430, 2560]",2
440,"[2432.0, 2432.0]","[2430, 2410]",22
441,"[2232.0, 2368.0]","[2230, 2385]",17
442,"[2232.0, 2392.0]","[2230, 2390]",3
443,"[2208.0, 2392.0]","[2210, 2390]",3
444,"[2208.0, 2600.0]","[2195, 2600]",13
445,"[2232.0, 2600.0]","[2195, 2600]",37
446,"[2232.0, 2624.0]","[2195, 2625]",37
447,"[2440.0, 2600.0]","[2440, 2560]",40
448,"[2464.0, 2600.0]","[2490, 2600]",26
449,"[2440.0, 2624.0]","[2490, 2625]",50
450,"[2440.0, 2368.0]","[2440, 2385]",17
451,"[2464.0, 2392.0]","[2465, 2390]",2
452,"[2440.0, 2392.0]","[2440, 2390]",2
453,"[2656.0, 2112.0]","[2590, 2110]",66
454,"[2656.0, 2496.0]","[2590, 2495]",66
455,"[2304.0, 2464.0]","[2340, 2465]",36
456,"[2368.0, 2464.0]","[2345, 2465]",23
457,"[2368.0, 2528.0]","[2370, 2530]",3
458,"[2304.0, 2528.0]","[2305, 2530]",2
459,"[1032.0, 32.0]","[1030, 125]",93
460,"[968.0, 32.0]","[970, 125]",93
461,"[840.0, 32.0]","[840, 125]",93
462,"[712.0, 32.0]","[705, 125]",93
463,"[648.0, 32.0]","[650, 125]",93
464,"[776.0, 440.0]","[775, 435]",5
465,"[648.0, 416.0]","[650, 460]",44
466,"[648.0, 352.0]","[610, 315]",53
467,"[648.0, 224.0]","[650, 245]",21
468,"[648.0, 96.0]","[650, 125]",29
469,"[776.0, 416.0]","[775, 430]",14
470,"[840.0, 352.0]","[825, 350]",15
471,"[904.0, 288.0]","[945, 335]",62
472,"[968.0, 224.0]","[1030, 225]",62
473,"[1032.0, 160.0]","[1030, 160]",2
474,"[648.0, 440.0]","[650, 460]",20
475,"[968.0, 16.0]","[0, 0]",100
476,"[712.0, 16.0]","[0, 0]",100
477,"[632.0, 96.0]","[630, 125]",29
478,"[632.0, 352.0]","[610, 315]",43
479,"[776.0, 1072.0]","[790, 1070]",14
480,"[624.0, 440.0]","[625, 460]",20
481,"[0.0, 32.0]","[0, 0]",100
482,"[624.0, 32.0]","[625, 125]",93
483,"[144.0, 616.0]","[180, 615]",36
484,"[376.0, 1072.0]","[375, 1070]",2
485,"[0.0, 696.0]","[60, 675]",64
486,"[64.0, 696.0]","[65, 680]",16
487,"[376.0, 1008.0]","[375, 1035]",27
488,"[152.0, 160.0]","[180, 160]",28
489,"[464.0, 32.0]","[465, 125]",93
490,"[152.0, 32.0]","[150, 125]",93
491,"[464.0, 160.0]","[465, 160]",1
492,"[176.0, 160.0]","[180, 160]",4
493,"[152.0, 136.0]","[150, 130]",6
494,"[440.0, 160.0]","[440, 160]",0
495,"[464.0, 136.0]","[465, 130]",6
496,"[624.0, 416.0]","[585, 415]",39
497,"[440.0, 32.0]","[440, 125]",93
498,"[176.0, 32.0]","[175, 125]",93
499,"[456.0, 928.0]","[545, 930]",89
500,"[168.0, 640.0]","[180, 640]",12
501,"[432.0, 904.0]","[0, 0]",100
502,"[96.0, 712.0]","[95, 710]",2
503,"[360.0, 976.0]","[360, 1035]",59
504,"[96.0, 976.0]","[95, 975]",1
505,"[440.0, 136.0]","[440, 130]",6
506,"[176.0, 136.0]","[180, 135]",4
507,"[96.0, 780.0]","[95, 780]",1
508,"[96.0, 908.0]","[95, 910]",2
509,"[88.0, 780.0]","[90, 780]",2
510,"[88.0, 908.0]","[90, 910]",3
511,"[164.0, 976.0]","[170, 1035]",59
512,"[292.0, 976.0]","[290, 1035]",59
513,"[164.0, 984.0]","[170, 1035]",51
514,"[292.0, 984.0]","[290, 1035]",51
515,"[104.0, 952.0]","[100, 950]",4
516,"[120.0, 952.0]","[100, 950]",20
517,"[120.0, 968.0]","[100, 970]",20
518,"[104.0, 968.0]","[100, 970]",4
519,"[164.0, 1000.0]","[170, 1035]",36
520,"[292.0, 1000.0]","[290, 1035]",35
521,"[656.0, 1328.0]","[685, 1330]",29
522,"[0.0, 1328.0]","[60, 1330]",60
523,"[292.0, 1008.0]","[290, 1035]",27
524,"[164.0, 1008.0]","[170, 1035]",28
525,"[0.0, 720.0]","[60, 735]",62
526,"[72.0, 780.0]","[65, 780]",7
527,"[72.0, 908.0]","[65, 910]",7
528,"[64.0, 908.0]","[65, 910]",2
529,"[64.0, 780.0]","[65, 780]",1
530,"[64.0, 720.0]","[65, 730]",10
531,"[64.0, 1008.0]","[65, 1010]",2
532,"[352.0, 1008.0]","[350, 1035]",27
533,"[352.0, 1088.0]","[350, 1095]",7
534,"[656.0, 1088.0]","[655, 1095]",7
535,"[0.0, 752.0]","[60, 750]",60
536,"[656.0, 1200.0]","[685, 1200]",29
537,"[80.0, 1328.0]","[65, 1330]",15
538,"[80.0, 1200.0]","[65, 1200]",15
539,"[592.0, 1200.0]","[590, 1135]",65
540,"[528.0, 1200.0]","[530, 1135]",65
541,"[464.0, 1200.0]","[465, 1135]",65
542,"[400.0, 1200.0]","[400, 1135]",65
543,"[336.0, 1200.0]","[335, 1135]",65
544,"[272.0, 1200.0]","[270, 1135]",65
545,"[208.0, 1200.0]","[210, 1135]",65
546,"[144.0, 1200.0]","[145, 1135]",65
547,"[144.0, 1328.0]","[65, 1330]",79
548,"[208.0, 1328.0]","[245, 1370]",56
549,"[272.0, 1328.0]","[280, 1350]",23
550,"[336.0, 1328.0]","[335, 1340]",12
551,"[400.0, 1328.0]","[400, 1340]",12
552,"[464.0, 1328.0]","[455, 1350]",24
553,"[528.0, 1328.0]","[490, 1370]",57
554,"[592.0, 1328.0]","[685, 1330]",93
555,"[64.0, 752.0]","[65, 750]",2
556,"[80.0, 1424.0]","[65, 1425]",15
557,"[144.0, 1424.0]","[210, 1435]",67
558,"[80.0, 1520.0]","[65, 1520]",15
559,"[80.0, 1616.0]","[65, 1615]",15
560,"[144.0, 1520.0]","[210, 1520]",66
561,"[144.0, 1616.0]","[65, 1615]",79
562,"[80.0, 1712.0]","[65, 1710]",15
563,"[144.0, 1712.0]","[65, 1710]",79
564,"[80.0, 1808.0]","[65, 1810]",15
565,"[144.0, 1808.0]","[145, 1855]",47
566,"[80.0, 1904.0]","[65, 1905]",15
567,"[80.0, 2096.0]","[65, 2095]",15
568,"[80.0, 2000.0]","[65, 2000]",15
569,"[144.0, 1904.0]","[145, 1905]",1
570,"[144.0, 2096.0]","[145, 2095]",1
571,"[144.0, 2000.0]","[145, 2000]",1
572,"[208.0, 2000.0]","[205, 2000]",3
573,"[208.0, 2096.0]","[205, 2095]",3
574,"[272.0, 2096.0]","[205, 2095]",67
575,"[272.0, 2000.0]","[270, 1970]",30
576,"[336.0, 2000.0]","[335, 1970]",30
577,"[336.0, 2096.0]","[0, 0]",100
578,"[400.0, 2096.0]","[0, 0]",100
579,"[400.0, 2000.0]","[400, 1970]",30
580,"[464.0, 2000.0]","[465, 1970]",30
581,"[464.0, 2096.0]","[0, 0]",100
582,"[528.0, 2000.0]","[530, 1970]",30
583,"[528.0, 2096.0]","[620, 2095]",92
584,"[592.0, 2000.0]","[620, 2000]",28
585,"[592.0, 2096.0]","[620, 2095]",28
586,"[792.0, 2096.0]","[790, 2100]",4
587,"[792.0, 1872.0]","[790, 1870]",3
588,"[656.0, 1872.0]","[655, 1870]",2
589,"[592.0, 1872.0]","[590, 1870]",3
590,"[592.0, 1776.0]","[590, 1855]",79
591,"[656.0, 1776.0]","[685, 1775]",29
592,"[592.0, 1616.0]","[515, 1575]",87
593,"[656.0, 1616.0]","[685, 1615]",29
594,"[552.0, 1736.0]","[0, 0]",100
595,"[552.0, 1656.0]","[495, 1615]",70
596,"[144.0, 1352.0]","[65, 1350]",79
597,"[80.0, 1352.0]","[65, 1350]",15
598,"[656.0, 1584.0]","[685, 1585]",29
599,"[792.0, 1584.0]","[790, 1595]",11
600,"[792.0, 1352.0]","[790, 1370]",18
601,"[352.0, 1664.0]","[350, 1650]",14
602,"[416.0, 1664.0]","[415, 1650]",14
603,"[416.0, 1728.0]","[415, 1650]",78
604,"[352.0, 1728.0]","[350, 1650]",78
605,"[552.0, 1700.0]","[0, 0]",100
606,"[552.0, 1692.0]","[490, 1620]",95
607,"[416.0, 1692.0]","[415, 1650]",42
608,"[416.0, 1700.0]","[415, 1650]",50
609,"[0.0, 2096.0]","[60, 2095]",60
610,"[0.0, 1724.0]","[60, 1725]",60
611,"[0.0, 1352.0]","[60, 1350]",60
612,"[464.0, 1352.0]","[465, 1355]",3
613,"[384.0, 2624.0]","[385, 2625]",1
614,"[256.0, 2624.0]","[260, 2625]",4
615,"[256.0, 2592.0]","[255, 2585]",7
616,"[384.0, 2592.0]","[385, 2585]",7
617,"[384.0, 2400.0]","[0, 0]",100
618,"[256.0, 2400.0]","[205, 2400]",51
619,"[256.0, 2368.0]","[205, 2370]",51
620,"[384.0, 2368.0]","[385, 2290]",78
621,"[192.0, 2432.0]","[195, 2430]",4
622,"[192.0, 2560.0]","[195, 2560]",3
623,"[224.0, 2560.0]","[225, 2575]",15
624,"[256.0, 2560.0]","[255, 2575]",15
625,"[224.0, 2432.0]","[205, 2430]",19
626,"[256.0, 2432.0]","[205, 2430]",51
627,"[288.0, 2528.0]","[290, 2575]",47
628,"[288.0, 2464.0]","[205, 2465]",83
629,"[352.0, 2528.0]","[350, 2575]",47
630,"[352.0, 2464.0]","[0, 0]",100
631,"[384.0, 2560.0]","[385, 2575]",15
632,"[384.0, 2432.0]","[0, 0]",100
633,"[416.0, 2432.0]","[0, 0]",100
634,"[416.0, 2560.0]","[415, 2575]",15
635,"[448.0, 2432.0]","[0, 0]",100
636,"[448.0, 2560.0]","[450, 2575]",15
637,"[0.0, 2112.0]","[60, 2110]",60
638,"[656.0, 2632.0]","[630, 2630]",26
639,"[656.0, 2112.0]","[655, 2090]",22
640,"[656.0, 2360.0]","[655, 2335]",25
641,"[384.0, 2656.0]","[385, 2655]",1
642,"[160.0, 2560.0]","[145, 2560]",15
643,"[256.0, 2336.0]","[205, 2335]",51
644,"[480.0, 2432.0]","[0, 0]",100
645,"[448.0, 2624.0]","[445, 2625]",3
646,"[480.0, 2560.0]","[480, 2575]",15
647,"[192.0, 2624.0]","[195, 2625]",3
648,"[256.0, 2656.0]","[260, 2655]",4
649,"[192.0, 2368.0]","[195, 2370]",4
650,"[160.0, 2432.0]","[160, 2425]",7
651,"[448.0, 2368.0]","[450, 2290]",78
652,"[384.0, 2336.0]","[385, 2290]",46
653,"[656.0, 2880.0]","[655, 2850]",30
654,"[0.0, 2880.0]","[60, 2880]",60
655,"[0.0, 2496.0]","[60, 2495]",60
656,"[656.0, 2384.0]","[685, 2365]",35
657,"[656.0, 2608.0]","[655, 2605]",3
658,"[680.0, 2608.0]","[680, 2605]",3
659,"[792.0, 2608.0]","[790, 2590]",18
660,"[680.0, 2384.0]","[685, 2365]",20
661,"[792.0, 2384.0]","[810, 2385]",18
662,"[792.0, 2560.0]","[790, 2575]",15
663,"[792.0, 2432.0]","[810, 2430]",18
664,"[736.0, 2432.0]","[735, 2465]",33
665,"[736.0, 2560.0]","[735, 2575]",15
666,"[336.0, 1664.0]","[335, 1650]",14
667,"[336.0, 1728.0]","[335, 1650]",78
668,"[1392.0, 3784.0]","[1390, 3830]",46
669,"[1264.0, 3784.0]","[1265, 3830]",46
670,"[1392.0, 3800.0]","[1390, 3830]",30
671,"[1264.0, 3800.0]","[1265, 3830]",30
672,"[1360.0, 3840.0]","[1360, 3835]",5
673,"[1296.0, 3840.0]","[1295, 3835]",5
674,"[1200.0, 3968.0]","[0, 0]",100
675,"[1456.0, 3968.0]","[0, 0]",100
676,"[1328.0, 3968.0]","[0, 0]",100
677,"[1264.0, 3808.0]","[1265, 3830]",22
678,"[1200.0, 3936.0]","[1200, 3865]",71
679,"[1456.0, 3936.0]","[1450, 3865]",71
680,"[1248.0, 3808.0]","[1250, 3830]",22
681,"[1072.0, 3808.0]","[1070, 3830]",22
682,"[1584.0, 3808.0]","[1600, 3810]",16
683,"[1392.0, 3808.0]","[1390, 3830]",22
684,"[1408.0, 3808.0]","[1410, 3830]",22
685,"[1056.0, 3936.0]","[0, 0]",100
686,"[1056.0, 3808.0]","[1045, 3810]",11
687,"[1600.0, 3936.0]","[0, 0]",100
688,"[1600.0, 3808.0]","[1600, 3810]",2
689,"[1072.0, 3776.0]","[1045, 3775]",27
690,"[1248.0, 3776.0]","[1285, 3740]",52
691,"[1392.0, 3776.0]","[1360, 3745]",45
692,"[1408.0, 3776.0]","[1410, 3830]",54
693,"[1600.0, 3776.0]","[1600, 3775]",1
694,"[1584.0, 3776.0]","[1600, 3775]",16
695,"[1392.0, 3736.0]","[1380, 3725]",16
696,"[1424.0, 3736.0]","[1425, 3715]",21
697,"[1424.0, 3768.0]","[1425, 3715]",53
698,"[1392.0, 3768.0]","[1365, 3740]",39
699,"[1264.0, 3736.0]","[1270, 3725]",13
700,"[1264.0, 3768.0]","[1290, 3745]",35
701,"[1232.0, 3736.0]","[1230, 3715]",21
702,"[1232.0, 3768.0]","[1230, 3715]",53
703,"[1400.0, 3744.0]","[1380, 3725]",28
704,"[1416.0, 3744.0]","[1415, 3715]",29
705,"[1416.0, 3760.0]","[1415, 3715]",45
706,"[1400.0, 3760.0]","[1370, 3735]",39
707,"[1240.0, 3744.0]","[1240, 3715]",29
708,"[1256.0, 3744.0]","[1270, 3725]",24
709,"[1256.0, 3760.0]","[1280, 3735]",35
710,"[1240.0, 3760.0]","[1240, 3715]",45
711,"[1296.0, 3944.0]","[1295, 3865]",79
712,"[1360.0, 3944.0]","[1360, 3865]",79
713,"[1360.0, 3960.0]","[1360, 3865]",95
714,"[1296.0, 3960.0]","[1295, 3865]",95
715,"[1600.0, 3904.0]","[1600, 3835]",69
716,"[1600.0, 3840.0]","[1600, 3835]",5
717,"[1056.0, 3904.0]","[1055, 3835]",69
718,"[1056.0, 3840.0]","[1055, 3835]",5
719,"[960.0, 3744.0]","[940, 3725]",28
720,"[1024.0, 3840.0]","[1025, 3835]",5
721,"[1024.0, 3904.0]","[985, 3850]",67
722,"[1024.0, 3776.0]","[1040, 3775]",16
723,"[992.0, 3776.0]","[1040, 3775]",48
724,"[992.0, 3744.0]","[1040, 3745]",48
725,"[928.0, 3712.0]","[935, 3715]",8
726,"[960.0, 3712.0]","[950, 3710]",10
727,"[800.0, 3584.0]","[795, 3580]",6
728,"[896.0, 3680.0]","[870, 3650]",40
729,"[864.0, 3648.0]","[865, 3650]",2
730,"[832.0, 3616.0]","[860, 3645]",40
731,"[928.0, 3680.0]","[950, 3690]",24
732,"[896.0, 3648.0]","[885, 3635]",17
733,"[864.0, 3616.0]","[875, 3630]",18
734,"[832.0, 3584.0]","[825, 3560]",25
735,"[704.0, 3936.0]","[735, 3850]",91
736,"[1024.0, 3936.0]","[985, 3850]",94
737,"[1632.0, 3840.0]","[1630, 3835]",5
738,"[1856.0, 3936.0]","[1855, 3850]",86
739,"[1632.0, 3904.0]","[1665, 3850]",63
740,"[1632.0, 3936.0]","[1665, 3850]",92
741,"[1632.0, 3776.0]","[1610, 3775]",22
742,"[1664.0, 3776.0]","[1610, 3775]",54
743,"[1856.0, 3584.0]","[1855, 3580]",4
744,"[1696.0, 3744.0]","[1715, 3735]",21
745,"[1728.0, 3712.0]","[1715, 3715]",13
746,"[1760.0, 3680.0]","[1785, 3655]",35
747,"[1792.0, 3648.0]","[1790, 3650]",3
748,"[1824.0, 3616.0]","[1845, 3575]",46
749,"[1664.0, 3744.0]","[1705, 3720]",48
750,"[1696.0, 3712.0]","[1700, 3710]",4
751,"[1728.0, 3680.0]","[1705, 3700]",30
752,"[1760.0, 3648.0]","[1770, 3640]",13
753,"[1792.0, 3616.0]","[1775, 3635]",25
754,"[1824.0, 3584.0]","[1830, 3565]",20
755,"[1856.0, 3616.0]","[1875, 3595]",28
756,"[1856.0, 3680.0]","[1840, 3700]",26
757,"[1888.0, 3616.0]","[1890, 3605]",11
758,"[2176.0, 2912.0]","[2175, 2950]",38
759,"[2528.0, 3680.0]","[2580, 3680]",52
760,"[1888.0, 2912.0]","[1875, 2895]",21
761,"[1952.0, 3616.0]","[1965, 3615]",13
762,"[2528.0, 3616.0]","[2580, 3615]",52
763,"[2016.0, 3616.0]","[2015, 3615]",1
764,"[2080.0, 3616.0]","[2080, 3620]",4
765,"[2144.0, 3616.0]","[2145, 3615]",1
766,"[2208.0, 3616.0]","[2150, 3615]",58
767,"[2272.0, 3616.0]","[2295, 3615]",23
768,"[2336.0, 3616.0]","[2300, 3615]",36
769,"[2400.0, 3616.0]","[0, 0]",100
770,"[2464.0, 3616.0]","[0, 0]",100
771,"[1952.0, 3264.0]","[1990, 3265]",38
772,"[2016.0, 3264.0]","[2015, 3265]",1
773,"[2080.0, 3264.0]","[2110, 3265]",30
774,"[1888.0, 3264.0]","[1850, 3265]",38
775,"[2112.0, 3264.0]","[2110, 3265]",2
776,"[2176.0, 3264.0]","[2140, 3245]",41
777,"[2112.0, 3488.0]","[2110, 3450]",38
778,"[2176.0, 3488.0]","[2175, 3490]",2
779,"[2176.0, 3328.0]","[2215, 3330]",39
780,"[2176.0, 3424.0]","[2175, 3445]",21
781,"[2272.0, 3328.0]","[2270, 3320]",8
782,"[2656.0, 2912.0]","[2590, 2910]",66
783,"[2208.0, 3264.0]","[2220, 3315]",52
784,"[2208.0, 2912.0]","[2210, 2950]",38
785,"[2272.0, 3264.0]","[2270, 3315]",51
786,"[2560.0, 3264.0]","[2580, 3265]",20
787,"[2656.0, 3936.0]","[0, 0]",100
788,"[2656.0, 3136.0]","[2590, 3135]",66
789,"[2656.0, 3104.0]","[2590, 3105]",66
790,"[2272.0, 3136.0]","[2270, 3135]",2
791,"[2272.0, 2976.0]","[2225, 2975]",47
792,"[2304.0, 3072.0]","[2310, 3110]",38
793,"[2304.0, 2976.0]","[2345, 2975]",41
794,"[2368.0, 3072.0]","[2370, 3070]",3
795,"[2400.0, 3072.0]","[2400, 3070]",2
796,"[2368.0, 2976.0]","[2370, 2975]",2
797,"[2400.0, 2976.0]","[2375, 2975]",25
798,"[2464.0, 3072.0]","[2465, 3070]",2
799,"[2496.0, 3072.0]","[2495, 3070]",2
800,"[2464.0, 2976.0]","[2490, 2985]",28
801,"[2496.0, 2976.0]","[2495, 2980]",4
802,"[2560.0, 3072.0]","[2560, 3070]",2
803,"[2592.0, 3104.0]","[2590, 3105]",2
804,"[2560.0, 2976.0]","[2580, 2975]",20
805,"[2592.0, 2976.0]","[2590, 2975]",2
806,"[2592.0, 3136.0]","[2590, 3135]",2
807,"[2656.0, 3264.0]","[2590, 3265]",66
808,"[2656.0, 3296.0]","[2590, 3295]",66
809,"[2624.0, 3264.0]","[2590, 3265]",34
810,"[2624.0, 3296.0]","[2590, 3295]",34
811,"[2560.0, 3360.0]","[2580, 3360]",20
812,"[2560.0, 3392.0]","[2560, 3390]",2
813,"[2592.0, 3360.0]","[2590, 3360]",2
814,"[2592.0, 3392.0]","[2590, 3390]",3
815,"[2656.0, 3456.0]","[2590, 3455]",66
816,"[2656.0, 3488.0]","[2590, 3490]",66
817,"[2624.0, 3488.0]","[2590, 3490]",34
818,"[2624.0, 3456.0]","[2590, 3455]",34
819,"[2560.0, 3552.0]","[2580, 3550]",20
820,"[2560.0, 3584.0]","[2580, 3585]",20
821,"[2592.0, 3584.0]","[2590, 3585]",2
822,"[2592.0, 3552.0]","[2590, 3550]",3
823,"[2656.0, 3648.0]","[2590, 3650]",66
824,"[2656.0, 3680.0]","[2590, 3680]",66
825,"[2624.0, 3680.0]","[2590, 3680]",34
826,"[2624.0, 3648.0]","[2590, 3650]",34
827,"[2560.0, 3744.0]","[2560, 3745]",1
828,"[2528.0, 3776.0]","[2550, 3775]",22
829,"[2592.0, 3776.0]","[2590, 3775]",2
830,"[2592.0, 3744.0]","[2590, 3745]",2
831,"[1888.0, 3936.0]","[1890, 3850]",86
832,"[1888.0, 3712.0]","[1870, 3730]",25
833,"[2528.0, 3712.0]","[2530, 3740]",28
834,"[2208.0, 3712.0]","[2295, 3710]",87
835,"[2208.0, 3680.0]","[2150, 3620]",83
836,"[2144.0, 3584.0]","[2145, 3585]",1
837,"[2208.0, 3584.0]","[2150, 3585]",58
838,"[2112.0, 3520.0]","[2110, 3535]",15
839,"[2272.0, 3552.0]","[2295, 3550]",23
840,"[2112.0, 3584.0]","[2125, 3585]",13
841,"[2272.0, 3584.0]","[2295, 3585]",23
842,"[2528.0, 3296.0]","[2580, 3295]",52
843,"[2336.0, 3552.0]","[2300, 3550]",36
844,"[2208.0, 3360.0]","[2215, 3360]",7
845,"[2272.0, 3520.0]","[2295, 3520]",23
846,"[2528.0, 3584.0]","[2580, 3585]",52
847,"[2336.0, 3520.0]","[2300, 3520]",36
848,"[2208.0, 3520.0]","[2180, 3520]",28
849,"[2304.0, 3360.0]","[2285, 3360]",19
850,"[2304.0, 3296.0]","[2285, 3315]",27
851,"[2368.0, 3520.0]","[2300, 3520]",68
852,"[2368.0, 3584.0]","[2300, 3585]",68
853,"[2400.0, 3584.0]","[0, 0]",100
854,"[2464.0, 3584.0]","[0, 0]",100
855,"[1888.0, 3680.0]","[1855, 3715]",48
856,"[2592.0, 3936.0]","[0, 0]",100
857,"[2528.0, 3792.0]","[2530, 3800]",8
858,"[2536.0, 3792.0]","[2535, 3800]",8
859,"[2536.0, 3920.0]","[2535, 3835]",85
860,"[2528.0, 3920.0]","[2530, 3835]",85
861,"[1952.0, 3936.0]","[1910, 3850]",96
862,"[2464.0, 3936.0]","[0, 0]",100
863,"[2464.0, 3968.0]","[0, 0]",100
864,"[1952.0, 3968.0]","[0, 0]",100
865,"[2208.0, 3968.0]","[0, 0]",100
866,"[2368.0, 3296.0]","[2370, 3295]",2
867,"[2176.0, 3040.0]","[2175, 3015]",25
868,"[1888.0, 3040.0]","[1890, 3070]",30
869,"[2080.0, 3968.0]","[0, 0]",100
870,"[2336.0, 3968.0]","[0, 0]",100
871,"[800.0, 3872.0]","[800, 3850]",22
872,"[768.0, 3872.0]","[770, 3850]",22
873,"[768.0, 3616.0]","[765, 3600]",16
874,"[704.0, 3872.0]","[705, 3835]",37
875,"[704.0, 3808.0]","[705, 3810]",2
876,"[544.0, 3936.0]","[0, 0]",100
877,"[544.0, 3808.0]","[545, 3830]",22
878,"[704.0, 3744.0]","[680, 3745]",24
879,"[704.0, 3680.0]","[680, 3680]",24
880,"[704.0, 3616.0]","[710, 3625]",11
881,"[544.0, 3520.0]","[0, 0]",100
882,"[544.0, 3744.0]","[510, 3745]",34
883,"[672.0, 3680.0]","[675, 3680]",3
884,"[768.0, 3520.0]","[770, 3475]",45
885,"[672.0, 3584.0]","[675, 3585]",3
886,"[768.0, 3584.0]","[770, 3585]",2
887,"[672.0, 3872.0]","[675, 3835]",37
888,"[672.0, 3936.0]","[0, 0]",100
889,"[544.0, 3840.0]","[545, 3835]",5
890,"[544.0, 3904.0]","[545, 3835]",69
891,"[512.0, 3840.0]","[510, 3835]",5
892,"[512.0, 3904.0]","[510, 3835]",69
893,"[576.0, 3744.0]","[510, 3745]",66
894,"[672.0, 3744.0]","[675, 3745]",3
895,"[576.0, 3776.0]","[575, 3830]",54
896,"[672.0, 3776.0]","[670, 3775]",2
897,"[576.0, 3808.0]","[575, 3830]",22
898,"[672.0, 3808.0]","[675, 3810]",4
899,"[800.0, 3936.0]","[800, 3850]",86
900,"[608.0, 3520.0]","[655, 3520]",47
901,"[704.0, 3520.0]","[680, 3520]",24
902,"[608.0, 3488.0]","[655, 3490]",47
903,"[704.0, 3488.0]","[705, 3475]",13
904,"[768.0, 3488.0]","[770, 3475]",13
905,"[544.0, 3488.0]","[0, 0]",100
906,"[544.0, 3360.0]","[0, 0]",100
907,"[768.0, 3360.0]","[795, 3360]",27
908,"[608.0, 3360.0]","[655, 3445]",97
909,"[704.0, 3360.0]","[705, 3445]",85
910,"[608.0, 3328.0]","[0, 0]",100
911,"[704.0, 3328.0]","[795, 3330]",91
912,"[544.0, 3328.0]","[0, 0]",100
913,"[768.0, 3328.0]","[795, 3330]",27
914,"[544.0, 3200.0]","[0, 0]",100
915,"[768.0, 3200.0]","[795, 3200]",27
916,"[608.0, 3200.0]","[0, 0]",100
917,"[704.0, 3200.0]","[795, 3200]",91
918,"[704.0, 3168.0]","[795, 3170]",91
919,"[608.0, 3168.0]","[0, 0]",100
920,"[544.0, 2912.0]","[545, 2850]",62
921,"[768.0, 2912.0]","[795, 2910]",27
922,"[544.0, 3168.0]","[0, 0]",100
923,"[768.0, 3168.0]","[795, 3170]",27
924,"[640.0, 3488.0]","[655, 3490]",15
925,"[672.0, 3488.0]","[675, 3490]",4
926,"[672.0, 3520.0]","[675, 3520]",3
927,"[640.0, 3520.0]","[655, 3520]",15
928,"[672.0, 3360.0]","[670, 3445]",85
929,"[640.0, 3360.0]","[655, 3445]",86
930,"[672.0, 3328.0]","[0, 0]",100
931,"[640.0, 3328.0]","[0, 0]",100
932,"[672.0, 3168.0]","[0, 0]",100
933,"[672.0, 3200.0]","[0, 0]",100
934,"[640.0, 3168.0]","[0, 0]",100
935,"[640.0, 3200.0]","[0, 0]",100
936,"[544.0, 3584.0]","[0, 0]",100
937,"[256.0, 3424.0]","[0, 0]",100
938,"[256.0, 3904.0]","[255, 3835]",69
939,"[256.0, 3936.0]","[0, 0]",100
940,"[512.0, 3936.0]","[0, 0]",100
941,"[384.0, 3936.0]","[0, 0]",100
942,"[448.0, 3840.0]","[450, 3835]",5
943,"[320.0, 3840.0]","[320, 3835]",5
944,"[512.0, 3584.0]","[0, 0]",100
945,"[448.0, 3712.0]","[450, 3710]",3
946,"[384.0, 3712.0]","[385, 3710]",2
947,"[448.0, 3584.0]","[0, 0]",100
948,"[448.0, 3552.0]","[0, 0]",100
949,"[512.0, 3552.0]","[0, 0]",100
950,"[384.0, 3552.0]","[0, 0]",100
951,"[384.0, 3584.0]","[0, 0]",100
952,"[416.0, 3552.0]","[0, 0]",100
953,"[416.0, 3584.0]","[0, 0]",100
954,"[416.0, 3840.0]","[415, 3835]",5
955,"[352.0, 3840.0]","[350, 3835]",5
956,"[512.0, 3520.0]","[0, 0]",100
957,"[512.0, 3456.0]","[0, 0]",100
958,"[624.0, 3008.0]","[0, 0]",100
959,"[688.0, 3008.0]","[0, 0]",100
960,"[688.0, 3072.0]","[0, 0]",100
961,"[624.0, 3072.0]","[0, 0]",100
962,"[416.0, 3744.0]","[415, 3715]",29
963,"[320.0, 3424.0]","[0, 0]",100
964,"[352.0, 3808.0]","[350, 3830]",22
965,"[416.0, 3808.0]","[415, 3830]",22
966,"[256.0, 3840.0]","[255, 3835]",5
967,"[320.0, 3744.0]","[320, 3715]",29
968,"[320.0, 3808.0]","[320, 3830]",22
969,"[352.0, 3744.0]","[350, 3715]",29
970,"[256.0, 3488.0]","[0, 0]",100
971,"[224.0, 3424.0]","[0, 0]",100
972,"[224.0, 3488.0]","[0, 0]",100
973,"[160.0, 3424.0]","[65, 3425]",95
974,"[160.0, 3488.0]","[65, 3490]",95
975,"[224.0, 3936.0]","[0, 0]",100
976,"[160.0, 3904.0]","[160, 3835]",69
977,"[160.0, 3840.0]","[160, 3835]",5
978,"[128.0, 3840.0]","[130, 3835]",5
979,"[128.0, 3904.0]","[130, 3835]",69
980,"[32.0, 3328.0]","[60, 3330]",28
981,"[32.0, 3936.0]","[0, 0]",100
982,"[512.0, 3328.0]","[0, 0]",100
983,"[128.0, 3392.0]","[65, 3390]",63
984,"[384.0, 3392.0]","[0, 0]",100
985,"[0.0, 3360.0]","[60, 3360]",60
986,"[32.0, 3360.0]","[60, 3360]",28
987,"[32.0, 3872.0]","[60, 3835]",46
988,"[0.0, 3872.0]","[60, 3835]",70
989,"[0.0, 3616.0]","[60, 3615]",60
990,"[0.0, 3488.0]","[60, 3490]",60
991,"[0.0, 3744.0]","[60, 3745]",60
992,"[32.0, 2912.0]","[60, 2910]",28
993,"[512.0, 2912.0]","[470, 2950]",57
994,"[512.0, 3296.0]","[0, 0]",100
995,"[32.0, 3296.0]","[60, 3295]",28
996,"[0.0, 3296.0]","[60, 3295]",60
997,"[0.0, 2912.0]","[60, 2910]",60
998,"[0.0, 3040.0]","[60, 3040]",60
999,"[0.0, 3168.0]","[60, 3170]",60
1000,"[208.0, 2944.0]","[210, 2940]",4
1001,"[240.0, 2944.0]","[240, 2935]",9
1002,"[240.0, 2976.0]","[240, 2935]",41
1003,"[208.0, 2976.0]","[180, 2965]",30
1004,"[144.0, 2944.0]","[150, 2945]",6
1005,"[144.0, 2976.0]","[150, 2975]",6
1006,"[112.0, 2944.0]","[120, 2945]",8
1007,"[112.0, 2976.0]","[120, 2975]",8
1008,"[304.0, 2976.0]","[305, 2935]",41
1009,"[336.0, 2976.0]","[340, 2940]",36
1010,"[336.0, 2944.0]","[340, 2940]",6
1011,"[304.0, 2944.0]","[305, 2935]",9
1012,"[432.0, 2944.0]","[425, 2950]",9
1013,"[432.0, 2976.0]","[435, 2975]",3
1014,"[400.0, 2944.0]","[400, 2940]",4
1015,"[400.0, 2976.0]","[420, 2960]",26
1016,"[128.0, 3936.0]","[0, 0]",100
1017,"[160.0, 3936.0]","[0, 0]",100
1018,"[192.0, 2600.0]","[190, 2600]",2
1019,"[216.0, 2600.0]","[215, 2600]",1
1020,"[216.0, 2624.0]","[205, 2625]",11
1021,"[424.0, 2600.0]","[425, 2600]",1
1022,"[448.0, 2600.0]","[450, 2600]",2
1023,"[424.0, 2624.0]","[440, 2625]",16
1024,"[216.0, 2368.0]","[205, 2370]",11
1025,"[216.0, 2392.0]","[205, 2390]",11
1026,"[192.0, 2392.0]","[195, 2390]",4
1027,"[424.0, 2368.0]","[425, 2290]",78
1028,"[448.0, 2392.0]","[0, 0]",100
1029,"[424.0, 2392.0]","[0, 0]",100
1030,"[1312.0, 3920.0]","[1310, 3865]",55
1031,"[1344.0, 3920.0]","[1345, 3865]",55
1032,"[1344.0, 3928.0]","[1345, 3865]",63
1033,"[1312.0, 3928.0]","[1310, 3865]",63
1034,"[672.0, 1408.0]","[685, 1410]",13
1035,"[736.0, 1408.0]","[735, 1390]",18
1036,"[736.0, 1472.0]","[760, 1470]",24
1037,"[672.0, 1472.0]","[685, 1470]",13
1038,"[1600.0, 1984.0]","[1600, 1985]",1
1039,"[1600.0, 1984.0]","[1600, 1985]",1
1040,"[1600.0, 1472.0]","[1600, 1490]",18
1041,"[1600.0, 1472.0]","[1600, 1490]",18
1042,"[1600.0, 2496.0]","[1600, 2470]",26
1043,"[1600.0, 2496.0]","[1600, 2470]",26
1044,"[1856.0, 1552.0]","[1855, 1550]",2
1045,"[1872.0, 1552.0]","[1870, 1550]",3
1046,"[2008.0, 1552.0]","[1965, 1550]",43
1047,"[2008.0, 1552.0]","[1965, 1550]",43
1048,"[1856.0, 1056.0]","[1855, 1055]",1
1049,"[1896.0, 1016.0]","[1860, 1015]",36
1050,"[2404.0, 508.0]","[2405, 465]",43
1051,"[2420.0, 492.0]","[2420, 465]",27
1052,"[2656.0, 256.0]","[2590, 255]",66
1053,"[2272.0, 1072.0]","[2270, 1095]",23
1054,"[2272.0, 729.0]","[2270, 730]",2
1055,"[2272.0, 729.0]","[2270, 730]",2
1056,"[2272.0, 746.0]","[2270, 740]",6
1057,"[2272.0, 746.0]","[2270, 740]",6
1058,"[1856.0, 1072.0]","[1855, 1070]",2
1059,"[2112.0, 1552.0]","[2125, 1550]",13
1060,"[2208.0, 902.0]","[2215, 900]",7
1061,"[2208.0, 943.0]","[2215, 945]",7
1062,"[2062.0, 889.0]","[2125, 890]",63
1063,"[2656.0, 1056.0]","[2590, 1055]",66
1064,"[2640.0, 1216.0]","[2590, 1215]",50
1065,"[2592.0, 1072.0]","[2590, 1070]",3
1066,"[2560.0, 832.0]","[2580, 830]",20
1067,"[2592.0, 832.0]","[2590, 830]",3
1068,"[2656.0, 1408.0]","[2590, 1410]",66
1069,"[2512.0, 496.0]","[2510, 495]",2
1070,"[2592.0, 496.0]","[2590, 495]",2
1071,"[2656.0, 488.0]","[2590, 490]",66
1072,"[2344.0, 766.0]","[2345, 765]",1
1073,"[1848.0, 440.0]","[1850, 435]",5
1074,"[2368.0, 440.0]","[2370, 435]",5
1075,"[1724.0, 316.0]","[1705, 335]",27
1076,"[2224.0, 32.0]","[2225, 95]",63
1077,"[2056.0, 256.0]","[2055, 335]",79
1078,"[2176.0, 440.0]","[2175, 435]",5
1079,"[2112.0, 440.0]","[2100, 440]",12
1080,"[2560.0, 32.0]","[2560, 125]",93
1081,"[2656.0, 64.0]","[2590, 125]",90
1082,"[2352.0, 64.0]","[2350, 95]",31
1083,"[2352.0, 40.0]","[2350, 95]",55
1084,"[2344.0, 424.0]","[2345, 430]",6
1085,"[2224.0, 392.0]","[2225, 375]",17
1086,"[2224.0, 416.0]","[2225, 430]",14
1087,"[2112.0, 440.0]","[2100, 440]",12
1088,"[2177.0, 628.0]","[2165, 630]",12
1089,"[2157.0, 512.0]","[2155, 520]",8
1090,"[1880.0, 715.0]","[1860, 715]",20
1091,"[1880.0, 832.0]","[1860, 830]",20
1092,"[1880.0, 507.0]","[1860, 505]",20
1093,"[2030.0, 544.0]","[2035, 545]",5
1094,"[1856.0, 2560.0]","[1855, 2570]",10
1095,"[2656.0, 2560.0]","[2590, 2560]",66
1096,"[1864.0, 2560.0]","[1865, 2570]",10
1097,"[2000.0, 2560.0]","[1975, 2560]",25
1098,"[2000.0, 2560.0]","[1975, 2560]",25
1099,"[2416.0, 2096.0]","[0, 0]",100
1100,"[2356.0, 1812.0]","[2355, 1855]",43
1101,"[2279.0, 1889.0]","[2280, 1880]",9
1102,"[2272.0, 2112.0]","[2270, 2110]",3
1103,"[2232.0, 2432.0]","[2225, 2430]",7
1104,"[1864.0, 2432.0]","[1845, 2430]",19
1105,"[2656.0, 2432.0]","[2590, 2430]",66
1106,"[2400.0, 2112.0]","[2330, 2170]",91
1107,"[2400.0, 2392.0]","[2400, 2390]",2
1108,"[2368.0, 2560.0]","[2370, 2560]",2
1109,"[1856.0, 3264.0]","[1850, 3265]",6
1110,"[1696.0, 3680.0]","[1695, 3685]",5
1111,"[2560.0, 3680.0]","[2580, 3680]",20
1112,"[2208.0, 3328.0]","[2215, 3330]",7
1113,"[2368.0, 3360.0]","[2370, 3360]",2
1114,"[1856.0, 3776.0]","[1880, 3750]",35
1115,"[2528.0, 3936.0]","[0, 0]",100
1116,"[2592.0, 3792.0]","[2590, 3790]",3
1117,"[2536.0, 3936.0]","[0, 0]",100
1118,"[2592.0, 2912.0]","[2590, 2910]",3
1119,"[2208.0, 2976.0]","[2215, 2975]",7
1120,"[2272.0, 2880.0]","[2290, 2860]",27
1121,"[2400.0, 2880.0]","[2400, 2865]",15
1122,"[1344.0, 2432.0]","[1345, 2430]",2
1123,"[1344.0, 2432.0]","[1345, 2430]",2
1124,"[1312.0, 2432.0]","[1310, 2430]",3
1125,"[1312.0, 2432.0]","[1310, 2430]",3
1126,"[800.0, 2432.0]","[810, 2430]",10
1127,"[656.0, 2432.0]","[700, 2465]",55
1128,"[656.0, 2432.0]","[700, 2465]",55
1129,"[0.0, 2432.0]","[60, 2430]",60
1130,"[1344.0, 1352.0]","[1345, 1350]",2
1131,"[1344.0, 1352.0]","[1345, 1350]",2
1132,"[1312.0, 1352.0]","[1310, 1350]",3
1133,"[1312.0, 1352.0]","[1310, 1350]",3
1134,"[800.0, 1352.0]","[800, 1370]",18
1135,"[808.0, 440.0]","[820, 440]",12
1136,"[0.0, 440.0]","[60, 440]",60
1137,"[464.0, 1072.0]","[465, 1070]",2
1138,"[464.0, 1088.0]","[465, 1095]",7
1139,"[0.0, 1008.0]","[60, 1010]",60
1140,"[96.0, 664.0]","[95, 665]",1
1141,"[408.0, 976.0]","[385, 1035]",63
1142,"[384.0, 952.0]","[385, 1035]",83
1143,"[96.0, 952.0]","[95, 950]",2
1144,"[120.0, 976.0]","[100, 975]",20
1145,"[96.0, 968.0]","[95, 970]",2
1146,"[144.0, 1008.0]","[170, 1035]",37
1147,"[80.0, 1008.0]","[90, 1010]",10
1148,"[1032.0, 216.0]","[1030, 215]",2
1149,"[932.0, 316.0]","[945, 335]",23
1150,"[1392.0, 32.0]","[1390, 95]",63
1151,"[592.0, 1352.0]","[685, 1350]",93
1152,"[592.0, 2112.0]","[620, 2110]",28
1153,"[0.0, 2000.0]","[60, 2000]",60
1154,"[416.0, 1352.0]","[415, 1345]",7
1155,"[336.0, 1352.0]","[335, 1345]",7
1156,"[516.0, 1692.0]","[480, 1625]",76
1157,"[384.0, 2392.0]","[0, 0]",100
1158,"[216.0, 2432.0]","[205, 2430]",11
1159,"[272.0, 2112.0]","[205, 2110]",67
1160,"[792.0, 1408.0]","[790, 1390]",18
1161,"[736.0, 1584.0]","[735, 1595]",11
1162,"[800.0, 3360.0]","[800, 3360]",0
1163,"[512.0, 3360.0]","[0, 0]",100
1164,"[544.0, 2880.0]","[545, 2850]",30
1165,"[0.0, 2624.0]","[60, 2625]",60
1166,"[352.0, 2560.0]","[350, 2575]",15
1167,"[288.0, 2560.0]","[290, 2575]",15
1168,"[240.0, 3296.0]","[215, 3270]",36
1169,"[240.0, 2912.0]","[240, 2910]",2
1170,"[32.0, 2944.0]","[60, 2945]",28
1171,"[144.0, 3296.0]","[175, 3260]",48
1172,"[112.0, 3296.0]","[65, 3295]",47
1173,"[512.0, 2944.0]","[490, 2970]",34
1174,"[336.0, 3296.0]","[0, 0]",100
1175,"[400.0, 3296.0]","[0, 0]",100
1176,"[512.0, 2976.0]","[500, 2980]",13
1177,"[688.0, 2912.0]","[690, 2850]",62
1178,"[544.0, 3072.0]","[480, 3005]",93
1179,"[544.0, 3008.0]","[500, 2985]",50
1180,"[656.0, 2560.0]","[655, 2575]",15
1181,"[256.0, 3392.0]","[0, 0]",100
1182,"[256.0, 3744.0]","[235, 3745]",21
1183,"[800.0, 3776.0]","[770, 3750]",40
1184,"[800.0, 3840.0]","[800, 3835]",5
1185,"[1456.0, 3960.0]","[1450, 3865]",95
1186,"[1200.0, 3960.0]","[1200, 3865]",95
1187,"[1360.0, 3936.0]","[1360, 3865]",71
1188,"[1200.0, 3944.0]","[1200, 3865]",79
1189,"[1600.0, 3920.0]","[1600, 3835]",85
1190,"[1344.0, 3936.0]","[1345, 3865]",71
1191,"[1232.0, 3776.0]","[1230, 3830]",54
1192,"[1232.0, 3744.0]","[1230, 3715]",29
1193,"[1264.0, 3744.0]","[1275, 3730]",18
1194,"[1256.0, 3768.0]","[1285, 3740]",40
1195,"[1232.0, 3760.0]","[1230, 3715]",45
1196,"[1424.0, 3744.0]","[1425, 3715]",29
1197,"[1392.0, 3744.0]","[1375, 3730]",22
1198,"[1416.0, 3768.0]","[1415, 3715]",53
1199,"[1392.0, 3760.0]","[1370, 3735]",33
